	PMCID	SENTENCE_NUM	SENTENCE_START	SENTENCE_END	WORD	POS_TAG	WORD_START	WORD_END
0	PMC5501061.nxml.gz	PMC5501061.nxml.gz_0	0	171	Nutrition	NN	0	9
1	PMC5501061.nxml.gz	PMC5501061.nxml.gz_0	0	171	for	IN	10	13
2	PMC5501061.nxml.gz	PMC5501061.nxml.gz_0	0	171	the	DT	14	17
3	PMC5501061.nxml.gz	PMC5501061.nxml.gz_0	0	171	primary	JJ	18	25
4	PMC5501061.nxml.gz	PMC5501061.nxml.gz_0	0	171	care	NN	26	30
5	PMC5501061.nxml.gz	PMC5501061.nxml.gz_0	0	171	provider	NN	31	39
6	PMC5501061.nxml.gz	PMC5501061.nxml.gz_0	0	171	This	DT	40	44
7	PMC5501061.nxml.gz	PMC5501061.nxml.gz_0	0	171	book	NN	45	49
8	PMC5501061.nxml.gz	PMC5501061.nxml.gz_0	0	171	focuses	VBZ	50	57
9	PMC5501061.nxml.gz	PMC5501061.nxml.gz_0	0	171	on	IN	58	60
10	PMC5501061.nxml.gz	PMC5501061.nxml.gz_0	0	171	the	DT	61	64
11	PMC5501061.nxml.gz	PMC5501061.nxml.gz_0	0	171	various	JJ	65	72
12	PMC5501061.nxml.gz	PMC5501061.nxml.gz_0	0	171	nutritional	JJ	73	84
13	PMC5501061.nxml.gz	PMC5501061.nxml.gz_0	0	171	aspects	NNS	85	92
14	PMC5501061.nxml.gz	PMC5501061.nxml.gz_0	0	171	of	IN	93	95
15	PMC5501061.nxml.gz	PMC5501061.nxml.gz_0	0	171	the	DT	96	99
16	PMC5501061.nxml.gz	PMC5501061.nxml.gz_0	0	171	current	JJ	100	107
17	PMC5501061.nxml.gz	PMC5501061.nxml.gz_0	0	171	needs	NNS	108	113
18	PMC5501061.nxml.gz	PMC5501061.nxml.gz_0	0	171	of	IN	114	116
19	PMC5501061.nxml.gz	PMC5501061.nxml.gz_0	0	171	the	DT	117	120
20	PMC5501061.nxml.gz	PMC5501061.nxml.gz_0	0	171	society	NN	121	128
21	PMC5501061.nxml.gz	PMC5501061.nxml.gz_0	0	171	at	IN	129	131
22	PMC5501061.nxml.gz	PMC5501061.nxml.gz_0	0	171	large	JJ	132	137
23	PMC5501061.nxml.gz	PMC5501061.nxml.gz_0	0	171	and	CC	138	141
24	PMC5501061.nxml.gz	PMC5501061.nxml.gz_0	0	171	for	IN	142	145
25	PMC5501061.nxml.gz	PMC5501061.nxml.gz_0	0	171	the	DT	146	149
26	PMC5501061.nxml.gz	PMC5501061.nxml.gz_0	0	171	health	NN	150	156
27	PMC5501061.nxml.gz	PMC5501061.nxml.gz_0	0	171	practitioners	NNS	157	170
28	PMC5501061.nxml.gz	PMC5501061.nxml.gz_0	0	171	.	.	170	171
29	PMC5501061.nxml.gz	PMC5501061.nxml.gz_1	172	375	The	DT	172	175
30	PMC5501061.nxml.gz	PMC5501061.nxml.gz_1	172	375	book	NN	176	180
31	PMC5501061.nxml.gz	PMC5501061.nxml.gz_1	172	375	covers	VBZ	181	187
32	PMC5501061.nxml.gz	PMC5501061.nxml.gz_1	172	375	a	DT	188	189
33	PMC5501061.nxml.gz	PMC5501061.nxml.gz_1	172	375	variety	NN	190	197
34	PMC5501061.nxml.gz	PMC5501061.nxml.gz_1	172	375	of	IN	198	200
35	PMC5501061.nxml.gz	PMC5501061.nxml.gz_1	172	375	topics	NNS	201	207
36	PMC5501061.nxml.gz	PMC5501061.nxml.gz_1	172	375	in	IN	208	210
37	PMC5501061.nxml.gz	PMC5501061.nxml.gz_1	172	375	a	DT	211	212
38	PMC5501061.nxml.gz	PMC5501061.nxml.gz_1	172	375	lucid	JJ	213	218
39	PMC5501061.nxml.gz	PMC5501061.nxml.gz_1	172	375	manner	NN	219	225
40	PMC5501061.nxml.gz	PMC5501061.nxml.gz_1	172	375	under	IN	226	231
41	PMC5501061.nxml.gz	PMC5501061.nxml.gz_1	172	375	four	CD	232	236
42	PMC5501061.nxml.gz	PMC5501061.nxml.gz_1	172	375	distinct	JJ	237	245
43	PMC5501061.nxml.gz	PMC5501061.nxml.gz_1	172	375	sections	NNS	246	254
44	PMC5501061.nxml.gz	PMC5501061.nxml.gz_1	172	375	namely	RB	255	261
45	PMC5501061.nxml.gz	PMC5501061.nxml.gz_1	172	375	'	POS	262	263
46	PMC5501061.nxml.gz	PMC5501061.nxml.gz_1	172	375	Nutrition	NNP	263	272
47	PMC5501061.nxml.gz	PMC5501061.nxml.gz_1	172	375	for	IN	273	276
48	PMC5501061.nxml.gz	PMC5501061.nxml.gz_1	172	375	Health	NNP	277	283
49	PMC5501061.nxml.gz	PMC5501061.nxml.gz_1	172	375	',	NNP	283	285
50	PMC5501061.nxml.gz	PMC5501061.nxml.gz_1	172	375	'	POS	286	287
51	PMC5501061.nxml.gz	PMC5501061.nxml.gz_1	172	375	Nutrition	NN	287	296
52	PMC5501061.nxml.gz	PMC5501061.nxml.gz_1	172	375	for	IN	297	300
53	PMC5501061.nxml.gz	PMC5501061.nxml.gz_1	172	375	Special	JJ	301	308
54	PMC5501061.nxml.gz	PMC5501061.nxml.gz_1	172	375	Circumstances	NNP	309	322
55	PMC5501061.nxml.gz	PMC5501061.nxml.gz_1	172	375	',	NNP	322	324
56	PMC5501061.nxml.gz	PMC5501061.nxml.gz_1	172	375	'	POS	325	326
57	PMC5501061.nxml.gz	PMC5501061.nxml.gz_1	172	375	Nutrition	NN	326	335
58	PMC5501061.nxml.gz	PMC5501061.nxml.gz_1	172	375	for	IN	336	339
59	PMC5501061.nxml.gz	PMC5501061.nxml.gz_1	172	375	Disease	NNP	340	347
60	PMC5501061.nxml.gz	PMC5501061.nxml.gz_1	172	375	States	NNPS	348	354
61	PMC5501061.nxml.gz	PMC5501061.nxml.gz_1	172	375	',	POS	354	356
62	PMC5501061.nxml.gz	PMC5501061.nxml.gz_1	172	375	and	CC	357	360
63	PMC5501061.nxml.gz	PMC5501061.nxml.gz_1	172	375	'	POS	361	362
64	PMC5501061.nxml.gz	PMC5501061.nxml.gz_1	172	375	Food	NN	362	366
65	PMC5501061.nxml.gz	PMC5501061.nxml.gz_1	172	375	Policy	NN	367	373
66	PMC5501061.nxml.gz	PMC5501061.nxml.gz_1	172	375	'.	NN	373	375
67	PMC5501061.nxml.gz	PMC5501061.nxml.gz_2	376	498	The	DT	376	379
68	PMC5501061.nxml.gz	PMC5501061.nxml.gz_2	376	498	first	JJ	380	385
69	PMC5501061.nxml.gz	PMC5501061.nxml.gz_2	376	498	section	NN	386	393
70	PMC5501061.nxml.gz	PMC5501061.nxml.gz_2	376	498	comprises	VBZ	394	403
71	PMC5501061.nxml.gz	PMC5501061.nxml.gz_2	376	498	10	CD	404	406
72	PMC5501061.nxml.gz	PMC5501061.nxml.gz_2	376	498	chapters	NNS	407	415
73	PMC5501061.nxml.gz	PMC5501061.nxml.gz_2	376	498	on	IN	416	418
74	PMC5501061.nxml.gz	PMC5501061.nxml.gz_2	376	498	various	JJ	419	426
75	PMC5501061.nxml.gz	PMC5501061.nxml.gz_2	376	498	aspects	NNS	427	434
76	PMC5501061.nxml.gz	PMC5501061.nxml.gz_2	376	498	of	IN	435	437
77	PMC5501061.nxml.gz	PMC5501061.nxml.gz_2	376	498	nutrition	NN	438	447
78	PMC5501061.nxml.gz	PMC5501061.nxml.gz_2	376	498	such	JJ	448	452
79	PMC5501061.nxml.gz	PMC5501061.nxml.gz_2	376	498	as	IN	453	455
80	PMC5501061.nxml.gz	PMC5501061.nxml.gz_2	376	498	nutrition	NN	456	465
81	PMC5501061.nxml.gz	PMC5501061.nxml.gz_2	376	498	adequacy	NN	466	474
82	PMC5501061.nxml.gz	PMC5501061.nxml.gz_2	376	498	to	TO	475	477
83	PMC5501061.nxml.gz	PMC5501061.nxml.gz_2	376	498	dietary	JJ	478	485
84	PMC5501061.nxml.gz	PMC5501061.nxml.gz_2	376	498	supplements	NNS	486	497
85	PMC5501061.nxml.gz	PMC5501061.nxml.gz_2	376	498	.	.	497	498
86	PMC5501061.nxml.gz	PMC5501061.nxml.gz_3	499	616	The	DT	499	502
87	PMC5501061.nxml.gz	PMC5501061.nxml.gz_3	499	616	second	JJ	503	509
88	PMC5501061.nxml.gz	PMC5501061.nxml.gz_3	499	616	section	NN	510	517
89	PMC5501061.nxml.gz	PMC5501061.nxml.gz_3	499	616	covers	VBZ	518	524
90	PMC5501061.nxml.gz	PMC5501061.nxml.gz_3	499	616	the	DT	525	528
91	PMC5501061.nxml.gz	PMC5501061.nxml.gz_3	499	616	role	NN	529	533
92	PMC5501061.nxml.gz	PMC5501061.nxml.gz_3	499	616	of	IN	534	536
93	PMC5501061.nxml.gz	PMC5501061.nxml.gz_3	499	616	nutrition	NN	537	546
94	PMC5501061.nxml.gz	PMC5501061.nxml.gz_3	499	616	in	IN	547	549
95	PMC5501061.nxml.gz	PMC5501061.nxml.gz_3	499	616	pregnancy	NN	550	559
96	PMC5501061.nxml.gz	PMC5501061.nxml.gz_3	499	616	and	CC	560	563
97	PMC5501061.nxml.gz	PMC5501061.nxml.gz_3	499	616	lactation	NN	564	573
98	PMC5501061.nxml.gz	PMC5501061.nxml.gz_3	499	616	,	,	573	574
99	PMC5501061.nxml.gz	PMC5501061.nxml.gz_3	499	616	exocrine	NN	575	583
100	PMC5501061.nxml.gz	PMC5501061.nxml.gz_3	499	616	and	CC	584	587
101	PMC5501061.nxml.gz	PMC5501061.nxml.gz_3	499	616	sports	NNS	588	594
102	PMC5501061.nxml.gz	PMC5501061.nxml.gz_3	499	616	as	IN	595	597
103	PMC5501061.nxml.gz	PMC5501061.nxml.gz_3	499	616	also	RB	598	602
104	PMC5501061.nxml.gz	PMC5501061.nxml.gz_3	499	616	food	NN	603	607
105	PMC5501061.nxml.gz	PMC5501061.nxml.gz_3	499	616	allergy	NN	608	615
106	PMC5501061.nxml.gz	PMC5501061.nxml.gz_3	499	616	.	.	615	616
107	PMC5501061.nxml.gz	PMC5501061.nxml.gz_4	617	777	The	DT	617	620
108	PMC5501061.nxml.gz	PMC5501061.nxml.gz_4	617	777	third	JJ	621	626
109	PMC5501061.nxml.gz	PMC5501061.nxml.gz_4	617	777	section	NN	627	634
110	PMC5501061.nxml.gz	PMC5501061.nxml.gz_4	617	777	has	VBZ	635	638
111	PMC5501061.nxml.gz	PMC5501061.nxml.gz_4	617	777	14	CD	639	641
112	PMC5501061.nxml.gz	PMC5501061.nxml.gz_4	617	777	chapters	NNS	642	650
113	PMC5501061.nxml.gz	PMC5501061.nxml.gz_4	617	777	and	CC	651	654
114	PMC5501061.nxml.gz	PMC5501061.nxml.gz_4	617	777	covers	NNS	655	661
115	PMC5501061.nxml.gz	PMC5501061.nxml.gz_4	617	777	various	JJ	662	669
116	PMC5501061.nxml.gz	PMC5501061.nxml.gz_4	617	777	diseases	NNS	670	678
117	PMC5501061.nxml.gz	PMC5501061.nxml.gz_4	617	777	from	IN	679	683
118	PMC5501061.nxml.gz	PMC5501061.nxml.gz_4	617	777	cardiovascular	JJ	684	698
119	PMC5501061.nxml.gz	PMC5501061.nxml.gz_4	617	777	diseases	NNS	699	707
120	PMC5501061.nxml.gz	PMC5501061.nxml.gz_4	617	777	to	TO	708	710
121	PMC5501061.nxml.gz	PMC5501061.nxml.gz_4	617	777	HIV	NNP	711	714
122	PMC5501061.nxml.gz	PMC5501061.nxml.gz_4	617	777	/	NNP	714	715
123	PMC5501061.nxml.gz	PMC5501061.nxml.gz_4	617	777	AIDS	NNP	715	719
124	PMC5501061.nxml.gz	PMC5501061.nxml.gz_4	617	777	,	,	719	720
125	PMC5501061.nxml.gz	PMC5501061.nxml.gz_4	617	777	osteoporosis	NN	721	733
126	PMC5501061.nxml.gz	PMC5501061.nxml.gz_4	617	777	,	,	733	734
127	PMC5501061.nxml.gz	PMC5501061.nxml.gz_4	617	777	liver	NN	735	740
128	PMC5501061.nxml.gz	PMC5501061.nxml.gz_4	617	777	diseases	NNS	741	749
129	PMC5501061.nxml.gz	PMC5501061.nxml.gz_4	617	777	and	CC	750	753
130	PMC5501061.nxml.gz	PMC5501061.nxml.gz_4	617	777	neurological	JJ	754	766
131	PMC5501061.nxml.gz	PMC5501061.nxml.gz_4	617	777	disorders	NNS	767	776
132	PMC5501061.nxml.gz	PMC5501061.nxml.gz_4	617	777	.	.	776	777
133	PMC5501061.nxml.gz	PMC5501061.nxml.gz_5	778	921	Further	RB	778	785
134	PMC5501061.nxml.gz	PMC5501061.nxml.gz_5	778	921	,	,	785	786
135	PMC5501061.nxml.gz	PMC5501061.nxml.gz_5	778	921	the	DT	787	790
136	PMC5501061.nxml.gz	PMC5501061.nxml.gz_5	778	921	various	JJ	791	798
137	PMC5501061.nxml.gz	PMC5501061.nxml.gz_5	778	921	chapters	NNS	799	807
138	PMC5501061.nxml.gz	PMC5501061.nxml.gz_5	778	921	in	IN	808	810
139	PMC5501061.nxml.gz	PMC5501061.nxml.gz_5	778	921	the	DT	811	814
140	PMC5501061.nxml.gz	PMC5501061.nxml.gz_5	778	921	book	NN	815	819
141	PMC5501061.nxml.gz	PMC5501061.nxml.gz_5	778	921	explain	VBP	820	827
142	PMC5501061.nxml.gz	PMC5501061.nxml.gz_5	778	921	the	DT	828	831
143	PMC5501061.nxml.gz	PMC5501061.nxml.gz_5	778	921	basic	JJ	832	837
144	PMC5501061.nxml.gz	PMC5501061.nxml.gz_5	778	921	principles	NNS	838	848
145	PMC5501061.nxml.gz	PMC5501061.nxml.gz_5	778	921	in	IN	849	851
146	PMC5501061.nxml.gz	PMC5501061.nxml.gz_5	778	921	nutrition	NN	852	861
147	PMC5501061.nxml.gz	PMC5501061.nxml.gz_5	778	921	coupled	VBN	862	869
148	PMC5501061.nxml.gz	PMC5501061.nxml.gz_5	778	921	with	IN	870	874
149	PMC5501061.nxml.gz	PMC5501061.nxml.gz_5	778	921	applications	NNS	875	887
150	PMC5501061.nxml.gz	PMC5501061.nxml.gz_5	778	921	in	IN	888	890
151	PMC5501061.nxml.gz	PMC5501061.nxml.gz_5	778	921	different	JJ	891	900
152	PMC5501061.nxml.gz	PMC5501061.nxml.gz_5	778	921	clinical	JJ	901	909
153	PMC5501061.nxml.gz	PMC5501061.nxml.gz_5	778	921	conditions	NNS	910	920
154	PMC5501061.nxml.gz	PMC5501061.nxml.gz_5	778	921	.	.	920	921
155	PMC5501061.nxml.gz	PMC5501061.nxml.gz_6	922	1085	The	DT	922	925
156	PMC5501061.nxml.gz	PMC5501061.nxml.gz_6	922	1085	chapters	NNS	926	934
157	PMC5501061.nxml.gz	PMC5501061.nxml.gz_6	922	1085	on	IN	935	937
158	PMC5501061.nxml.gz	PMC5501061.nxml.gz_6	922	1085	nutrition	NN	938	947
159	PMC5501061.nxml.gz	PMC5501061.nxml.gz_6	922	1085	in	IN	948	950
160	PMC5501061.nxml.gz	PMC5501061.nxml.gz_6	922	1085	pregnancy	NN	951	960
161	PMC5501061.nxml.gz	PMC5501061.nxml.gz_6	922	1085	,	,	960	961
162	PMC5501061.nxml.gz	PMC5501061.nxml.gz_6	922	1085	exercise	NN	962	970
163	PMC5501061.nxml.gz	PMC5501061.nxml.gz_6	922	1085	,	,	970	971
164	PMC5501061.nxml.gz	PMC5501061.nxml.gz_6	922	1085	food	NN	972	976
165	PMC5501061.nxml.gz	PMC5501061.nxml.gz_6	922	1085	allergies	NNS	977	986
166	PMC5501061.nxml.gz	PMC5501061.nxml.gz_6	922	1085	and	CC	987	990
167	PMC5501061.nxml.gz	PMC5501061.nxml.gz_6	922	1085	intolerance	NN	991	1002
168	PMC5501061.nxml.gz	PMC5501061.nxml.gz_6	922	1085	,	,	1002	1003
169	PMC5501061.nxml.gz	PMC5501061.nxml.gz_6	922	1085	etc	FW	1004	1007
170	PMC5501061.nxml.gz	PMC5501061.nxml.gz_6	922	1085	are	VBP	1008	1011
171	PMC5501061.nxml.gz	PMC5501061.nxml.gz_6	922	1085	informative	JJ	1012	1023
172	PMC5501061.nxml.gz	PMC5501061.nxml.gz_6	922	1085	and	CC	1024	1027
173	PMC5501061.nxml.gz	PMC5501061.nxml.gz_6	922	1085	will	MD	1028	1032
174	PMC5501061.nxml.gz	PMC5501061.nxml.gz_6	922	1085	be	VB	1033	1035
175	PMC5501061.nxml.gz	PMC5501061.nxml.gz_6	922	1085	a	DT	1036	1037
176	PMC5501061.nxml.gz	PMC5501061.nxml.gz_6	922	1085	good	JJ	1038	1042
177	PMC5501061.nxml.gz	PMC5501061.nxml.gz_6	922	1085	read	NN	1043	1047
178	PMC5501061.nxml.gz	PMC5501061.nxml.gz_6	922	1085	for	IN	1048	1051
179	PMC5501061.nxml.gz	PMC5501061.nxml.gz_6	922	1085	students	NNS	1052	1060
180	PMC5501061.nxml.gz	PMC5501061.nxml.gz_6	922	1085	in	IN	1061	1063
181	PMC5501061.nxml.gz	PMC5501061.nxml.gz_6	922	1085	the	DT	1064	1067
182	PMC5501061.nxml.gz	PMC5501061.nxml.gz_6	922	1085	respective	JJ	1068	1078
183	PMC5501061.nxml.gz	PMC5501061.nxml.gz_6	922	1085	field	NN	1079	1084
184	PMC5501061.nxml.gz	PMC5501061.nxml.gz_6	922	1085	.	.	1084	1085
185	PMC5501061.nxml.gz	PMC5501061.nxml.gz_7	1086	1249	It	PRP	1086	1088
186	PMC5501061.nxml.gz	PMC5501061.nxml.gz_7	1086	1249	is	VBZ	1089	1091
187	PMC5501061.nxml.gz	PMC5501061.nxml.gz_7	1086	1249	noteworthy	JJ	1092	1102
188	PMC5501061.nxml.gz	PMC5501061.nxml.gz_7	1086	1249	that	IN	1103	1107
189	PMC5501061.nxml.gz	PMC5501061.nxml.gz_7	1086	1249	the	DT	1108	1111
190	PMC5501061.nxml.gz	PMC5501061.nxml.gz_7	1086	1249	book	NN	1112	1116
191	PMC5501061.nxml.gz	PMC5501061.nxml.gz_7	1086	1249	covers	VBZ	1117	1123
192	PMC5501061.nxml.gz	PMC5501061.nxml.gz_7	1086	1249	several	JJ	1124	1131
193	PMC5501061.nxml.gz	PMC5501061.nxml.gz_7	1086	1249	aspects	NNS	1132	1139
194	PMC5501061.nxml.gz	PMC5501061.nxml.gz_7	1086	1249	of	IN	1140	1142
195	PMC5501061.nxml.gz	PMC5501061.nxml.gz_7	1086	1249	food	NN	1143	1147
196	PMC5501061.nxml.gz	PMC5501061.nxml.gz_7	1086	1249	policies	NNS	1148	1156
197	PMC5501061.nxml.gz	PMC5501061.nxml.gz_7	1086	1249	as	IN	1157	1159
198	PMC5501061.nxml.gz	PMC5501061.nxml.gz_7	1086	1249	well	RB	1160	1164
199	PMC5501061.nxml.gz	PMC5501061.nxml.gz_7	1086	1249	including	VBG	1165	1174
200	PMC5501061.nxml.gz	PMC5501061.nxml.gz_7	1086	1249	food	NN	1175	1179
201	PMC5501061.nxml.gz	PMC5501061.nxml.gz_7	1086	1249	sustainability	NN	1180	1194
202	PMC5501061.nxml.gz	PMC5501061.nxml.gz_7	1086	1249	,	,	1194	1195
203	PMC5501061.nxml.gz	PMC5501061.nxml.gz_7	1086	1249	food	NN	1196	1200
204	PMC5501061.nxml.gz	PMC5501061.nxml.gz_7	1086	1249	labelling	NN	1201	1210
205	PMC5501061.nxml.gz	PMC5501061.nxml.gz_7	1086	1249	,	,	1210	1211
206	PMC5501061.nxml.gz	PMC5501061.nxml.gz_7	1086	1249	food	NN	1212	1216
207	PMC5501061.nxml.gz	PMC5501061.nxml.gz_7	1086	1249	industry	NN	1217	1225
208	PMC5501061.nxml.gz	PMC5501061.nxml.gz_7	1086	1249	and	CC	1226	1229
209	PMC5501061.nxml.gz	PMC5501061.nxml.gz_7	1086	1249	consumer	NN	1230	1238
210	PMC5501061.nxml.gz	PMC5501061.nxml.gz_7	1086	1249	nutrition	NN	1239	1248
211	PMC5501061.nxml.gz	PMC5501061.nxml.gz_7	1086	1249	.	.	1248	1249
212	PMC5501061.nxml.gz	PMC5501061.nxml.gz_8	1250	1596	It	PRP	1250	1252
213	PMC5501061.nxml.gz	PMC5501061.nxml.gz_8	1250	1596	would	MD	1253	1258
214	PMC5501061.nxml.gz	PMC5501061.nxml.gz_8	1250	1596	have	VB	1259	1263
215	PMC5501061.nxml.gz	PMC5501061.nxml.gz_8	1250	1596	been	VBN	1264	1268
216	PMC5501061.nxml.gz	PMC5501061.nxml.gz_8	1250	1596	worthwhile	JJ	1269	1279
217	PMC5501061.nxml.gz	PMC5501061.nxml.gz_8	1250	1596	to	TO	1280	1282
218	PMC5501061.nxml.gz	PMC5501061.nxml.gz_8	1250	1596	include	VB	1283	1290
219	PMC5501061.nxml.gz	PMC5501061.nxml.gz_8	1250	1596	some	DT	1291	1295
220	PMC5501061.nxml.gz	PMC5501061.nxml.gz_8	1250	1596	more	JJR	1296	1300
221	PMC5501061.nxml.gz	PMC5501061.nxml.gz_8	1250	1596	topics	NNS	1301	1307
222	PMC5501061.nxml.gz	PMC5501061.nxml.gz_8	1250	1596	such	JJ	1308	1312
223	PMC5501061.nxml.gz	PMC5501061.nxml.gz_8	1250	1596	as	IN	1313	1315
224	PMC5501061.nxml.gz	PMC5501061.nxml.gz_8	1250	1596	management	NN	1316	1326
225	PMC5501061.nxml.gz	PMC5501061.nxml.gz_8	1250	1596	of	IN	1327	1329
226	PMC5501061.nxml.gz	PMC5501061.nxml.gz_8	1250	1596	severely	RB	1330	1338
227	PMC5501061.nxml.gz	PMC5501061.nxml.gz_8	1250	1596	acute	JJ	1339	1344
228	PMC5501061.nxml.gz	PMC5501061.nxml.gz_8	1250	1596	malnutrition	NN	1345	1357
229	PMC5501061.nxml.gz	PMC5501061.nxml.gz_8	1250	1596	,	,	1357	1358
230	PMC5501061.nxml.gz	PMC5501061.nxml.gz_8	1250	1596	examples	NNS	1359	1367
231	PMC5501061.nxml.gz	PMC5501061.nxml.gz_8	1250	1596	of	IN	1368	1370
232	PMC5501061.nxml.gz	PMC5501061.nxml.gz_8	1250	1596	high	JJ	1371	1375
233	PMC5501061.nxml.gz	PMC5501061.nxml.gz_8	1250	1596	,	,	1375	1376
234	PMC5501061.nxml.gz	PMC5501061.nxml.gz_8	1250	1596	low	JJ	1377	1380
235	PMC5501061.nxml.gz	PMC5501061.nxml.gz_8	1250	1596	and	CC	1381	1384
236	PMC5501061.nxml.gz	PMC5501061.nxml.gz_8	1250	1596	moderate	JJ	1385	1393
237	PMC5501061.nxml.gz	PMC5501061.nxml.gz_8	1250	1596	glycaemic	JJ	1394	1403
238	PMC5501061.nxml.gz	PMC5501061.nxml.gz_8	1250	1596	index	NN	1404	1409
239	PMC5501061.nxml.gz	PMC5501061.nxml.gz_8	1250	1596	foods	NNS	1410	1415
240	PMC5501061.nxml.gz	PMC5501061.nxml.gz_8	1250	1596	,	,	1415	1416
241	PMC5501061.nxml.gz	PMC5501061.nxml.gz_8	1250	1596	how	WRB	1417	1420
242	PMC5501061.nxml.gz	PMC5501061.nxml.gz_8	1250	1596	to	TO	1421	1423
243	PMC5501061.nxml.gz	PMC5501061.nxml.gz_8	1250	1596	read	VB	1424	1428
244	PMC5501061.nxml.gz	PMC5501061.nxml.gz_8	1250	1596	food	NN	1429	1433
245	PMC5501061.nxml.gz	PMC5501061.nxml.gz_8	1250	1596	labels	NNS	1434	1440
246	PMC5501061.nxml.gz	PMC5501061.nxml.gz_8	1250	1596	(	(	1441	1442
247	PMC5501061.nxml.gz	PMC5501061.nxml.gz_8	1250	1596	with	IN	1442	1446
248	PMC5501061.nxml.gz	PMC5501061.nxml.gz_8	1250	1596	examples	NNS	1447	1455
249	PMC5501061.nxml.gz	PMC5501061.nxml.gz_8	1250	1596	),	VBP	1455	1457
250	PMC5501061.nxml.gz	PMC5501061.nxml.gz_8	1250	1596	etc	NN	1458	1461
251	PMC5501061.nxml.gz	PMC5501061.nxml.gz_8	1250	1596	and	CC	1462	1465
252	PMC5501061.nxml.gz	PMC5501061.nxml.gz_8	1250	1596	also	RB	1466	1470
253	PMC5501061.nxml.gz	PMC5501061.nxml.gz_8	1250	1596	additional	JJ	1471	1481
254	PMC5501061.nxml.gz	PMC5501061.nxml.gz_8	1250	1596	references	NNS	1482	1492
255	PMC5501061.nxml.gz	PMC5501061.nxml.gz_8	1250	1596	for	IN	1493	1496
256	PMC5501061.nxml.gz	PMC5501061.nxml.gz_8	1250	1596	further	JJ	1497	1504
257	PMC5501061.nxml.gz	PMC5501061.nxml.gz_8	1250	1596	reading	NN	1505	1512
258	PMC5501061.nxml.gz	PMC5501061.nxml.gz_8	1250	1596	would	MD	1513	1518
259	PMC5501061.nxml.gz	PMC5501061.nxml.gz_8	1250	1596	have	VB	1519	1523
260	PMC5501061.nxml.gz	PMC5501061.nxml.gz_8	1250	1596	been	VBN	1524	1528
261	PMC5501061.nxml.gz	PMC5501061.nxml.gz_8	1250	1596	beneficial	JJ	1529	1539
262	PMC5501061.nxml.gz	PMC5501061.nxml.gz_8	1250	1596	as	IN	1540	1542
263	PMC5501061.nxml.gz	PMC5501061.nxml.gz_8	1250	1596	the	DT	1543	1546
264	PMC5501061.nxml.gz	PMC5501061.nxml.gz_8	1250	1596	chapters	NNS	1547	1555
265	PMC5501061.nxml.gz	PMC5501061.nxml.gz_8	1250	1596	are	VBP	1556	1559
266	PMC5501061.nxml.gz	PMC5501061.nxml.gz_8	1250	1596	a	DT	1560	1561
267	PMC5501061.nxml.gz	PMC5501061.nxml.gz_8	1250	1596	quick	JJ	1562	1567
268	PMC5501061.nxml.gz	PMC5501061.nxml.gz_8	1250	1596	guide	NN	1568	1573
269	PMC5501061.nxml.gz	PMC5501061.nxml.gz_8	1250	1596	to	TO	1574	1576
270	PMC5501061.nxml.gz	PMC5501061.nxml.gz_8	1250	1596	appraise	VB	1577	1585
271	PMC5501061.nxml.gz	PMC5501061.nxml.gz_8	1250	1596	the	DT	1586	1589
272	PMC5501061.nxml.gz	PMC5501061.nxml.gz_8	1250	1596	topic	NN	1590	1595
273	PMC5501061.nxml.gz	PMC5501061.nxml.gz_8	1250	1596	.	.	1595	1596
274	PMC5501061.nxml.gz	PMC5501061.nxml.gz_9	1597	1721	Overall	JJ	1597	1604
275	PMC5501061.nxml.gz	PMC5501061.nxml.gz_9	1597	1721	,	,	1604	1605
276	PMC5501061.nxml.gz	PMC5501061.nxml.gz_9	1597	1721	this	DT	1606	1610
277	PMC5501061.nxml.gz	PMC5501061.nxml.gz_9	1597	1721	book	NN	1611	1615
278	PMC5501061.nxml.gz	PMC5501061.nxml.gz_9	1597	1721	will	MD	1616	1620
279	PMC5501061.nxml.gz	PMC5501061.nxml.gz_9	1597	1721	be	VB	1621	1623
280	PMC5501061.nxml.gz	PMC5501061.nxml.gz_9	1597	1721	of	IN	1624	1626
281	PMC5501061.nxml.gz	PMC5501061.nxml.gz_9	1597	1721	benefit	NN	1627	1634
282	PMC5501061.nxml.gz	PMC5501061.nxml.gz_9	1597	1721	to	TO	1635	1637
283	PMC5501061.nxml.gz	PMC5501061.nxml.gz_9	1597	1721	postgraduates	NNS	1638	1651
284	PMC5501061.nxml.gz	PMC5501061.nxml.gz_9	1597	1721	in	IN	1652	1654
285	PMC5501061.nxml.gz	PMC5501061.nxml.gz_9	1597	1721	the	DT	1655	1658
286	PMC5501061.nxml.gz	PMC5501061.nxml.gz_9	1597	1721	field	NN	1659	1664
287	PMC5501061.nxml.gz	PMC5501061.nxml.gz_9	1597	1721	of	IN	1665	1667
288	PMC5501061.nxml.gz	PMC5501061.nxml.gz_9	1597	1721	nutrition	NN	1668	1677
289	PMC5501061.nxml.gz	PMC5501061.nxml.gz_9	1597	1721	,	,	1677	1678
290	PMC5501061.nxml.gz	PMC5501061.nxml.gz_9	1597	1721	nutritionists	NNS	1679	1692
291	PMC5501061.nxml.gz	PMC5501061.nxml.gz_9	1597	1721	in	IN	1693	1695
292	PMC5501061.nxml.gz	PMC5501061.nxml.gz_9	1597	1721	hospitals	NNS	1696	1705
293	PMC5501061.nxml.gz	PMC5501061.nxml.gz_9	1597	1721	and	CC	1706	1709
294	PMC5501061.nxml.gz	PMC5501061.nxml.gz_9	1597	1721	physicians	NNS	1710	1720
295	PMC5501061.nxml.gz	PMC5501061.nxml.gz_9	1597	1721	.	.	1720	1721
296	PMC5501061.nxml.gz	PMC5501061.nxml.gz_10	1723	1738	PubMed	JJ	1723	1729
297	PMC5501061.nxml.gz	PMC5501061.nxml.gz_10	1723	1738	Central	NNP	1730	1737
298	PMC5501061.nxml.gz	PMC5501061.nxml.gz_10	1723	1738	:	:	1737	1738
